L,H,R,N,M,Cl,Cd,Circ
1,1,0.1,100,100,0.00256853,-0.00278141,-0.00330661
