L,H,R,N,M,Cl,Cd,Circ
3,3,0.1,100,100,-0.00222485,0.000553046,0.00283796,
