L,H,R,N,M,Cl,Cd,Circ
3,3,0.1,150,150,-0.0050401,0.000315943,0.00652767,
