L,H,R,N,M,Cl,Cd,Circ
3,3,0.1,15,15,1.69247e-06,0.00932236,2.38018e-06,
