L,H,R,N,M,Cl,Cd,Circ
3,3,0.1,25,25,3.11448e-06,0.00189616,-5.57906e-06,
