L,H,R,N,M,Cl,Cd,Circ
3,3,0.1,300,300,-0.0222903,0.000115496,0.0264286
