L,H,R,N,M,Cl,Cd,Circ
3,3,0.1,50,50,-0.000510274,0.00196953,0.000700136,
