L,H,R,N,M,Cl,Cd,Circ
3,3,0.1,75,75,-0.00108757,0.000910935,0.00142536,
