L,H,R,N,M,Cl,Cd,Circ,t
5,5,0.5,100,100,9.98821e-07,-0.00278225,-6.46078e-07,48535
