L,H,R,N,M,Cl,Cd,Circ
1,1,0.1,100,100,0.865084,0.0928834,-0.33393
