L,H,R,N,M,Cl,Cd,Circ,t
5,5,0.5,150,150,2.39791e-06,-0.00377856,-1.48892e-06,233729
