L,H,R,N,M,Cl,Cd,Circ,t
5,5,0.5,15,15,-2.15884e-08,0.00771118,1e-08,32
