L,H,R,N,M,Cl,Cd,Circ,t
5,5,0.5,200,200,4.35479e-06,-0.00415501,-2.66978e-06,718681
