L,H,R,N,M,Cl,Cd,Circ,t
5,5,0.5,250,250,6.92123e-05,-0.00441155,-4.20789e-05,1381385
