L,H,R,N,M,Cl,Cd,Circ,t
5,5,0.5,25,25,1.4488e-08,0.00386819,-1.59485e-08,230
