L,H,R,N,M,Cl,Cd,Circ,t
5,5,0.5,300,300,0.0861304,0.126862,-58.9758,24302
