L,H,R,N,M,Cl,Cd,Circ
5,5,0.5,300,300,-0.00149921,0.000443742,129.544
