L,H,R,N,M,Cl,Cd,Circ,t
5,5,0.5,50,50,1.94027e-07,-0.000629275,-1.42089e-07,3389
