L,H,R,N,M,Cl,Cd,Circ
5,5,0.1,50,50,-0.00382474,0.000972966,0.00653932
