L,H,R,N,M,Cl,Cd,Circ,t
5,5,0.5,75,75,5.4675e-07,-0.0020622,-3.51606e-07,15985
