L,H,R,N,M,Cl,Cd,Circ,t
5,5,0.5,150,150,3.22661,-0.0960601,-1.721,233272
