L,H,R,N,M,Cl,Cd,Circ,t
5,5,0.5,50,50,2.93078,-0.0871636,-1.73854,3380
